prompt,answer
Story0,"Title: The Conjugal Union of Sun and Earth

In the enchanting state of Odisha, a story has been passed down from generation to generation among the Khond, a caste of erstwhile warriors and farmers. This is a curious tale about the unusual birth ritual of their community known prominently as Jura Panchami.

Among the green fields and somber temples, in a quaint, tranquil village lived a couple named Surya and Bhumika. Surya, which means sun, was a man of the Khond caste, a cultivator known for his warmth and geniality. Bhumika, meaning earth, was a women weaver, full of vivacity and life - embodying the fertility of the earth.

Bhumika was pregnant and as per the custom among the Khond caste, they had conducted the 'Marriage with the Grinding Stone' during the sixth month of Bhumika's pregnancy, symbolically marrying her to the stone to ensure a safe delivery. As the time drew closer though, preparation for another, less common ritual commenced.

Surya, as the patriarch and key participant, commenced the preparations for 'Jura Panchami', a unique birth ritual which happens five days after the delivery. This ceremony revolved around a sacred plant juru, signifying life and fertility.

The day Bhumika gave birth, their humble house was filled with ecstatic joy. Friends and neighbours congratulated the couple, but amidst this jovial atmosphere, Surya and the village elder eagerly calibrated days for the Jura Panchami ritual, while the womenfolk tended to Bhumika and the newborn.

On the fifth day, under the mellow sun, Surya started the ritual, they prepared a pitcher full of warm water with added ingredients — turmeric and the leaves of the holy juru plant. Bhumika was bathed in this water, believing it would purify her and present a fast recovery. The newborn, symbolically named Jura, for the ritual, was then placed on a bed of juru leaves after his first bath.

The women sang songs, praising the Earth mother and the Sun god, resonating the harmony of their names - Bhumika and Surya. They honored the celestial interaction of Sun and Earth, creating life like their newborn, symbolically represented by the juru plant, which held water akin to Earth bearing life, and photosynthesising sunlight, much like the relation between a mother and a father to a child.

After the purification, they held a feast for the villagers, who brought presents for the newborn and toasted for the newborn's long life. The festivities marked the end of the ritual, bathing the region with the warmth of their unity and the verve of their faith.

In a world of abounding cultures, the story of Surya and Bhumika stands as a testament to the timeless practices and cultural traditions of the Khond caste of Odisha. The ritual of Jura Panchami, embellished with community rejoicing and ostentatious meals, is their tribute to the Sun and the Earth, and the prosperous life it ushers. The age-old tradition, iridescent in its unique charm, continues to add an insightful flavor to the grand cultural realm of India. It carves an illustration on the canvas of Odisha's folklore — painting a vivid mix of myths, faith, and the endless cycle of life.
"
